{
  "training_results": {
    "highway-v0": {
      "mean_reward": 173.61139204104742,
      "std_reward": 11.243206343256588,
      "traffic_density": 0.3
    },
    "merge-v0": {
      "mean_reward": 70.49379275242488,
      "std_reward": 5.381164519101637,
      "traffic_density": 0.3
    },
    "intersection-v0": {
      "mean_reward": 18.333333333333332,
      "std_reward": 6.649979114420001,
      "traffic_density": 0.2
    },
    "roundabout-v0": {
      "mean_reward": 33.333333571751915,
      "std_reward": 20.222918624905574,
      "traffic_density": 0.2
    }
  },
  "test_results": {
    "highway-v0_holdout": {
      "mean_reward": 139.8167451272408,
      "std_reward": 47.270622657207724,
      "traffic_density": 0.4
    },
    "merge-v0_holdout": {
      "mean_reward": 45.66330097119013,
      "std_reward": 19.1038778058714,
      "traffic_density": 0.35
    },
    "intersection-v0_holdout": {
      "mean_reward": 18.333333333333332,
      "std_reward": 5.185449728701348,
      "traffic_density": 0.25
    },
    "roundabout-v0_holdout": {
      "mean_reward": 37.55555536970496,
      "std_reward": 15.330552431859074,
      "traffic_density": 0.25
    }
  },
  "cumulative_timesteps": 100000
}